{
  "name": "LightningBrowser Dev",
  "image": "mcr.microsoft.com/devcontainers/javascript-node:20",
  "features": {
    "ghcr.io/devcontainers/features/git:1": {},
    "ghcr.io/devcontainers/features/node:1": {
      "version": "20"
    }
  },
  "customizations": {
    "vscode": {
      "settings": {
        "editor.formatOnSave": true,
        "editor.tabSize": 2,
        "files.eol": "\n",
        "typescript.tsdk": "node_modules/typescript/lib"
      },
      "extensions": [
        "esbenp.prettier-vscode",
        "dbaeumer.vscode-eslint",
        "bradlc.vscode-tailwindcss"
      ]
    }
  },
  "postCreateCommand": "npm install",
  "portsAttributes": {
    "5173": {
      "label": "Vite Dev Server",
      "onAutoForward": "openBrowser"
    }
  },
  "forwardPorts": [5173],
  "remoteUser": "node"
}